2026-04-08_02-07-23,0,main.go:2026-04-08_02-07-23
2026-04-08_02-07-58,0,main.go:2026-04-08_02-07-58
2026-04-08_02-09-34,60,main.go:2026-04-08_02-09-34
2026-04-08_02-09-57,60,main.go:2026-04-08_02-09-34
2026-04-08_02-10-10,70,main.go:2026-04-08_02-10-10
2026-04-08_02-10-51,0,main.go:2026-04-08_02-10-51
2026-04-08_02-13-43,0,main.go:2026-04-08_02-10-51
2026-04-08_02-13-53,0,main.go:2026-04-08_02-13-53
2026-04-08_02-14-34,0,main.go:2026-04-08_02-14-34
2026-04-08_02-14-52,0,main.go:2026-04-08_02-14-52
2026-04-08_02-18-27,0,main.go:2026-04-08_02-14-52
2026-04-08_02-25-41,0,main.go:2026-04-08_02-14-52
2026-04-08_02-25-45,0,main.go:2026-04-08_02-25-45
2026-04-08_02-32-51,30,main.go:2026-04-08_02-32-51
2026-04-08_02-33-14,---,main.go:2026-04-08_02-33-14
2026-04-08_02-35-39,70,main.go:2026-04-08_02-33-14
2026-04-08_02-36-03,30,main.go:2026-04-08_02-36-03
2026-04-08_02-36-40,100,main.go:2026-04-08_02-36-40
