2026-05-18_22-17-02,0,main.go:2026-05-18_22-17-02
2026-05-18_22-17-31,0,main.go:2026-05-18_22-17-31
2026-05-18_22-17-33,0,main.go:2026-05-18_22-17-33
2026-05-18_22-20-06,0,main.go:2026-05-18_22-20-06
2026-05-18_22-22-18,0,main.go:2026-05-18_22-22-18
2026-05-18_22-26-06,0,main.go:2026-05-18_22-26-06
2026-05-18_22-28-15,0,main.go:2026-05-18_22-28-15
2026-05-18_22-29-21,0,main.go:2026-05-18_22-29-21
2026-05-18_22-30-36,0,main.go:2026-05-18_22-30-36
2026-05-18_22-30-54,0,main.go:2026-05-18_22-30-54
2026-05-18_22-30-59,0,main.go:2026-05-18_22-30-59
2026-05-18_22-31-15,0,main.go:2026-05-18_22-31-15
2026-05-18_22-31-27,---,main.go:2026-05-18_22-31-27
2026-05-18_22-37-29,100,main.go:2026-05-18_22-31-27
