2026-03-13_21-06-12,0,draft.go:2026-03-13_21-06-12
2026-03-14_23-27-53,---,draft.go:2026-03-13_21-06-12
2026-03-14_23-28-17,0,draft.go:2026-03-13_21-06-12
2026-03-14_23-29-37,0,draft.go:2026-03-14_23-29-37
2026-03-14_23-29-51,0,draft.go:2026-03-14_23-29-51
2026-03-14_23-29-56,0,draft.go:2026-03-14_23-29-51
2026-03-14_23-30-16,0,draft.go:2026-03-14_23-30-16
2026-03-14_23-32-22,25,draft.go:2026-03-14_23-32-22
2026-03-14_23-33-36,---,draft.go:2026-03-14_23-32-22
2026-03-14_23-33-44,25,draft.go:2026-03-14_23-32-22
2026-03-14_23-34-04,0,draft.go:2026-03-14_23-34-04
2026-03-14_23-34-41,25,draft.go:2026-03-14_23-34-41
2026-03-14_23-44-33,25,draft.go:2026-03-14_23-34-41
2026-03-14_23-46-42,0,draft.go:2026-03-14_23-46-42
2026-03-14_23-48-39,100,draft.go:2026-03-14_23-48-39
2026-03-14_23-48-51,100,draft.go:2026-03-14_23-48-39
