2026-04-07_13-48-15,---,main.go:2026-04-07_13-48-15;pen.go:2026-04-07_13-48-15
2026-04-12_19-39-51,---,main.go:2026-04-07_13-48-15;pen.go:2026-04-07_13-48-15
2026-04-12_19-41-06,0,main.go:2026-04-07_13-48-15;pen.go:2026-04-12_19-41-06
2026-04-12_19-41-15,0,main.go:2026-04-07_13-48-15;pen.go:2026-04-12_19-41-06
2026-04-12_19-42-33,---,main.go:2026-04-07_13-48-15;pen.go:2026-04-12_19-42-33
2026-04-13_22-48-27,0,main.go:2026-04-13_22-48-27;pen.go:2026-04-12_19-42-33
2026-04-13_22-48-45,0,main.go:2026-04-13_22-48-45;pen.go:2026-04-12_19-42-33
2026-04-13_22-51-09,0,main.go:2026-04-13_22-51-09;pen.go:2026-04-12_19-42-33
2026-04-13_22-51-21,0,main.go:2026-04-13_22-51-21;pen.go:2026-04-12_19-42-33
2026-04-14_00-59-00,0,main.go:2026-04-14_00-59-00;pen.go:2026-04-12_19-42-33
